Product Name,User Name,Rating,Review Heading,Review
Flipkart SmartBuy 1000 W Dry Iron,Sagar  Mistari,5,Worth every penny,"Thanks Flipkart, Good Product Good Quality ,  I am Happy With this Product & SatisfiedREAD MORE"
Flipkart SmartBuy 1000 W Dry Iron,Ankit kumar Pathak,5,Simply awesome,this is very good product I like it very is too very nice it's quality is superREAD MORE
Flipkart SmartBuy 1000 W Dry Iron,Vajinepalli Shankar,5,Awesome,super product of very nice flipkart product keep it up safe packing super duperREAD MORE
Flipkart SmartBuy 1000 W Dry Iron,Dr.Shreekanth Reddy,3,Decent product,With Phonepe Cashback got this product for Rs.365/-This Iron is 'Paisa vasool' at this Price.Good for Everyday use and Best for Travellers.READ MORE
Flipkart SmartBuy 1000 W Dry Iron,Mangesh Bawane,4,Worth the money,nice product in This range....READ MORE
Flipkart SmartBuy 1000 W Dry Iron,Priyanka Patra,4,Nice product,very niceREAD MORE
Flipkart SmartBuy 1000 W Dry Iron,Vikas Choudhary,4,Very Good,I am happy.iron is very good.READ MORE
Flipkart SmartBuy 1000 W Dry Iron,Saira Bano,5,Great product,very good iron and look also good in econony price.READ MORE
Flipkart SmartBuy 1000 W Dry Iron,Sahana Das,5,Simply awesome,"It's a good product at cheaper rate, loved it. It has a indicator when the iron gets hot. Light weight.READ MORE"
Flipkart SmartBuy 1000 W Dry Iron,Shekhar Kumar,5,Awesome,Value for money thanku flipkarr üëçüëçREAD MORE
Flipkart SmartBuy 1000 W Dry Iron,Priyatam Karn,5,Super!,"Nice product, good quality. Handy easy to work upon.READ MORE"
Flipkart SmartBuy 1000 W Dry Iron,Flipkart Customer,5,Fabulous!,good product on Flipkart I love his quality the iron heating fast and light weighted and colour is amazing I love this colour happy shopping on Flipkart thank you so much FlipkartüòäREAD MORE
Flipkart SmartBuy 1000 W Dry Iron,Ramar  Radan,5,Fabulous!,This product is awesome I bought today 325 +44READ MORE
Flipkart SmartBuy 1000 W Dry Iron,Afshan Noor,5,Fabulous!,Very nice ü§óREAD MORE
Flipkart SmartBuy 1000 W Dry Iron,Lokesh Khobragade,5,Wonderful,Excellent product with Fastest delivery.Thank you.READ MORE
Flipkart SmartBuy 1000 W Dry Iron,Dr. Thakur Sen,5,Mind-blowing purchase,Submitting review after using it for 5 months. Its a good daily use product. For this price no other product can be better. I recommend this for small family. Try to purchase this product during big billion days you could get better deal around three hundred.READ MORE
Flipkart SmartBuy 1000 W Dry Iron,SARVESH PEDNEKAR,5,Worth every penny,I purchase this dry iron for 399/_ at the time of big billion days sale. Iron looking so good light weight and comfortable for ironing clothes. Fast delivery thanks Flipkart team.READ MORE
Flipkart SmartBuy 1000 W Dry Iron,Sukhveer  Singh,5,Fabulous!,best product and trust full  i m very happy to purchase this like same as given on adsREAD MORE
Flipkart SmartBuy 1000 W Dry Iron,Jwala Yadav,5,Perfect product!,That's a great product and I love Flipkart and that's a India product (we special thanks to Flipkart for India)That product in that price and that a great quality u will not get any ware I am challenge ulet Bay that productThanks...................... Flipkart................And ................There................ Team.............(I N D I A)READ MORE
Flipkart SmartBuy 1000 W Dry Iron,Flipkart Customer,5,Fabulous!,"nice product, light weight, i bought this @ Rs 315 /- only and I don't think so this product anyone can give you at this price. deserve 5 star üòäREAD MORE"
